insertId,jsonPayload.message,"labels.""compute.googleapis.com/resource_name""",logName,receiveLocation,receiveTimestamp,resource.labels.instance_id,resource.labels.project_id,resource.labels.zone,resource.type,timestamp
1aoheksfkgebp3,Mar 19 23:35:32 gradeview-vm docker[1678807]: gradeview-api            |     at async getEmailFromAuth (file:///api/lib/googleAuthHelper.mjs:14:24),gradeview-vm,projects/eecs-gradeview/logs/syslog,,,3897469703641304337,eecs-gradeview,us-west1-a,gce_instance,2025-03-19 23:35:32.986821+00:00
1aoheksfkgebop,Mar 19 23:35:32 gradeview-vm docker[1678807]: gradeview-api            |     at getEmailFromAuth (file:///api/lib/googleAuthHelper.mjs:25:15),gradeview-vm,projects/eecs-gradeview/logs/syslog,,,3897469703641304337,eecs-gradeview,us-west1-a,gce_instance,2025-03-19 23:35:32.610592+00:00
1aoheksfkgebol,Mar 19 23:35:32 gradeview-vm docker[1678807]: gradeview-api            |     at async getEmailFromAuth (file:///api/lib/googleAuthHelper.mjs:14:24),gradeview-vm,projects/eecs-gradeview/logs/syslog,,,3897469703641304337,eecs-gradeview,us-west1-a,gce_instance,2025-03-19 23:35:32.599028+00:00
1hjw1ebfjv27pv,Mar 19 21:21:42 gradeview-vm docker[1678807]: gradeview-api            |     at async getEmailFromAuth (file:///api/lib/googleAuthHelper.mjs:14:24),gradeview-vm,projects/eecs-gradeview/logs/syslog,,,3897469703641304337,eecs-gradeview,us-west1-a,gce_instance,2025-03-19 21:21:42.805057+00:00
1p397pmfiwn77z,Mar 19 21:21:42 gradeview-vm docker[1678807]: gradeview-api            |     at getEmailFromAuth (file:///api/lib/googleAuthHelper.mjs:25:15),gradeview-vm,projects/eecs-gradeview/logs/syslog,,,3897469703641304337,eecs-gradeview,us-west1-a,gce_instance,2025-03-19 21:21:42.466114+00:00
1p397pmfiwn77w,Mar 19 21:21:42 gradeview-vm docker[1678807]: gradeview-api            |     at async getEmailFromAuth (file:///api/lib/googleAuthHelper.mjs:14:24),gradeview-vm,projects/eecs-gradeview/logs/syslog,,,3897469703641304337,eecs-gradeview,us-west1-a,gce_instance,2025-03-19 21:21:42.127030+00:00
1p397pmfiwn77n,Mar 19 21:21:42 gradeview-vm docker[1678807]: gradeview-api            |     at async getEmailFromAuth (file:///api/lib/googleAuthHelper.mjs:14:24),gradeview-vm,projects/eecs-gradeview/logs/syslog,,,3897469703641304337,eecs-gradeview,us-west1-a,gce_instance,2025-03-19 21:21:42.116961+00:00
1yz0cqfjp88cz,Mar 19 20:11:54 gradeview-vm docker[1678807]: gradeview-api            |     at async getEmailFromAuth (file:///api/lib/googleAuthHelper.mjs:14:24),gradeview-vm,projects/eecs-gradeview/logs/syslog,,,3897469703641304337,eecs-gradeview,us-west1-a,gce_instance,2025-03-19 20:11:54.807574+00:00
fuv5ytf3rzrdr,Mar 19 20:11:54 gradeview-vm docker[1678807]: gradeview-api            |     at getEmailFromAuth (file:///api/lib/googleAuthHelper.mjs:25:15),gradeview-vm,projects/eecs-gradeview/logs/syslog,,,3897469703641304337,eecs-gradeview,us-west1-a,gce_instance,2025-03-19 20:11:54.467102+00:00
fuv5ytf3rzrdo,Mar 19 20:11:54 gradeview-vm docker[1678807]: gradeview-api            |     at async getEmailFromAuth (file:///api/lib/googleAuthHelper.mjs:14:24),gradeview-vm,projects/eecs-gradeview/logs/syslog,,,3897469703641304337,eecs-gradeview,us-west1-a,gce_instance,2025-03-19 20:11:54.126506+00:00
fuv5ytf3rzrdf,Mar 19 20:11:54 gradeview-vm docker[1678807]: gradeview-api            |     at async getEmailFromAuth (file:///api/lib/googleAuthHelper.mjs:14:24),gradeview-vm,projects/eecs-gradeview/logs/syslog,,,3897469703641304337,eecs-gradeview,us-west1-a,gce_instance,2025-03-19 20:11:54.112122+00:00
1kc8vp4fit7w9p,Mar 19 20:11:47 gradeview-vm docker[1678807]: gradeview-api            |     at async getEmailFromAuth (file:///api/lib/googleAuthHelper.mjs:14:24),gradeview-vm,projects/eecs-gradeview/logs/syslog,,,3897469703641304337,eecs-gradeview,us-west1-a,gce_instance,2025-03-19 20:11:47.539599+00:00
1e2dctfjnxq65,Mar 19 20:11:47 gradeview-vm docker[1678807]: gradeview-api            |     at getEmailFromAuth (file:///api/lib/googleAuthHelper.mjs:25:15),gradeview-vm,projects/eecs-gradeview/logs/syslog,,,3897469703641304337,eecs-gradeview,us-west1-a,gce_instance,2025-03-19 20:11:47.186462+00:00
1e2dctfjnxq62,Mar 19 20:11:47 gradeview-vm docker[1678807]: gradeview-api            |     at async getEmailFromAuth (file:///api/lib/googleAuthHelper.mjs:14:24),gradeview-vm,projects/eecs-gradeview/logs/syslog,,,3897469703641304337,eecs-gradeview,us-west1-a,gce_instance,2025-03-19 20:11:47.184524+00:00
1sp0xfbfciouou,Mar 18 02:43:52 gradeview-vm docker[1678807]: gradeview-api            |     at async getEmailFromAuth (file:///api/lib/googleAuthHelper.mjs:14:24),gradeview-vm,projects/eecs-gradeview/logs/syslog,,,3897469703641304337,eecs-gradeview,us-west1-a,gce_instance,2025-03-18 02:43:53.266368+00:00
1sp0xfbfciouoj,Mar 18 02:43:52 gradeview-vm docker[1678807]: gradeview-api            |     at getEmailFromAuth (file:///api/lib/googleAuthHelper.mjs:25:15),gradeview-vm,projects/eecs-gradeview/logs/syslog,,,3897469703641304337,eecs-gradeview,us-west1-a,gce_instance,2025-03-18 02:43:52.915728+00:00
1sp0xfbfciouog,Mar 18 02:43:52 gradeview-vm docker[1678807]: gradeview-api            |     at async getEmailFromAuth (file:///api/lib/googleAuthHelper.mjs:14:24),gradeview-vm,projects/eecs-gradeview/logs/syslog,,,3897469703641304337,eecs-gradeview,us-west1-a,gce_instance,2025-03-18 02:43:52.913704+00:00
j5m8k5fbzm1ma,Mar 17 22:57:24 gradeview-vm docker[1678807]: gradeview-api            |     at async getEmailFromAuth (file:///api/lib/googleAuthHelper.mjs:14:24),gradeview-vm,projects/eecs-gradeview/logs/syslog,,,3897469703641304337,eecs-gradeview,us-west1-a,gce_instance,2025-03-17 22:57:25.294197+00:00
j5m8k5fbzm1lz,Mar 17 22:57:24 gradeview-vm docker[1678807]: gradeview-api            |     at getEmailFromAuth (file:///api/lib/googleAuthHelper.mjs:25:15),gradeview-vm,projects/eecs-gradeview/logs/syslog,,,3897469703641304337,eecs-gradeview,us-west1-a,gce_instance,2025-03-17 22:57:24.940058+00:00
j5m8k5fbzm1lw,Mar 17 22:57:24 gradeview-vm docker[1678807]: gradeview-api            |     at async getEmailFromAuth (file:///api/lib/googleAuthHelper.mjs:14:24),gradeview-vm,projects/eecs-gradeview/logs/syslog,,,3897469703641304337,eecs-gradeview,us-west1-a,gce_instance,2025-03-17 22:57:24.938105+00:00
1u32yrzfcuwvq7,Mar 17 20:13:46 gradeview-vm docker[1678807]: gradeview-api            |     at getEmailFromAuth (file:///api/lib/googleAuthHelper.mjs:25:15),gradeview-vm,projects/eecs-gradeview/logs/syslog,,,3897469703641304337,eecs-gradeview,us-west1-a,gce_instance,2025-03-17 20:13:46.679540+00:00
mj4w90fbk0l0u,Mar 17 20:13:46 gradeview-vm docker[1678807]: gradeview-api            |     at async getEmailFromAuth (file:///api/lib/googleAuthHelper.mjs:14:24),gradeview-vm,projects/eecs-gradeview/logs/syslog,,,3897469703641304337,eecs-gradeview,us-west1-a,gce_instance,2025-03-17 20:13:46.340782+00:00
mj4w90fbk0l0l,Mar 17 20:13:46 gradeview-vm docker[1678807]: gradeview-api            |     at async getEmailFromAuth (file:///api/lib/googleAuthHelper.mjs:14:24),gradeview-vm,projects/eecs-gradeview/logs/syslog,,,3897469703641304337,eecs-gradeview,us-west1-a,gce_instance,2025-03-17 20:13:46.329482+00:00
nx7dszfc0ghye,Mar 17 19:01:21 gradeview-vm docker[1678807]: gradeview-api            |     at async getEmailFromAuth (file:///api/lib/googleAuthHelper.mjs:14:24),gradeview-vm,projects/eecs-gradeview/logs/syslog,,,3897469703641304337,eecs-gradeview,us-west1-a,gce_instance,2025-03-17 19:01:22.199357+00:00
nx7dszfc0ghy3,Mar 17 19:01:21 gradeview-vm docker[1678807]: gradeview-api            |     at getEmailFromAuth (file:///api/lib/googleAuthHelper.mjs:25:15),gradeview-vm,projects/eecs-gradeview/logs/syslog,,,3897469703641304337,eecs-gradeview,us-west1-a,gce_instance,2025-03-17 19:01:21.839446+00:00
nx7dszfc0ghy0,Mar 17 19:01:21 gradeview-vm docker[1678807]: gradeview-api            |     at async getEmailFromAuth (file:///api/lib/googleAuthHelper.mjs:14:24),gradeview-vm,projects/eecs-gradeview/logs/syslog,,,3897469703641304337,eecs-gradeview,us-west1-a,gce_instance,2025-03-17 19:01:21.837603+00:00
rsxhcmfbdzexe,Mar 17 16:56:09 gradeview-vm docker[1678807]: gradeview-api            |     at async getEmailFromAuth (file:///api/lib/googleAuthHelper.mjs:14:24),gradeview-vm,projects/eecs-gradeview/logs/syslog,,,3897469703641304337,eecs-gradeview,us-west1-a,gce_instance,2025-03-17 16:56:09.809853+00:00
1os07owfb8ujat,Mar 17 16:56:09 gradeview-vm docker[1678807]: gradeview-api            |     at getEmailFromAuth (file:///api/lib/googleAuthHelper.mjs:25:15),gradeview-vm,projects/eecs-gradeview/logs/syslog,,,3897469703641304337,eecs-gradeview,us-west1-a,gce_instance,2025-03-17 16:56:09.464222+00:00
1os07owfb8ujaq,Mar 17 16:56:09 gradeview-vm docker[1678807]: gradeview-api            |     at async getEmailFromAuth (file:///api/lib/googleAuthHelper.mjs:14:24),gradeview-vm,projects/eecs-gradeview/logs/syslog,,,3897469703641304337,eecs-gradeview,us-west1-a,gce_instance,2025-03-17 16:56:09.462532+00:00
tghyumfad2so4,Mar 17 06:48:27 gradeview-vm docker[1678807]: gradeview-api            |     at async getEmailFromAuth (file:///api/lib/googleAuthHelper.mjs:14:24),gradeview-vm,projects/eecs-gradeview/logs/syslog,,,3897469703641304337,eecs-gradeview,us-west1-a,gce_instance,2025-03-17 06:48:27.780573+00:00
1cbhyu8faigj39,Mar 17 06:48:27 gradeview-vm docker[1678807]: gradeview-api            |     at getEmailFromAuth (file:///api/lib/googleAuthHelper.mjs:25:15),gradeview-vm,projects/eecs-gradeview/logs/syslog,,,3897469703641304337,eecs-gradeview,us-west1-a,gce_instance,2025-03-17 06:48:27.430674+00:00
1cbhyu8faigj36,Mar 17 06:48:27 gradeview-vm docker[1678807]: gradeview-api            |     at async getEmailFromAuth (file:///api/lib/googleAuthHelper.mjs:14:24),gradeview-vm,projects/eecs-gradeview/logs/syslog,,,3897469703641304337,eecs-gradeview,us-west1-a,gce_instance,2025-03-17 06:48:27.428920+00:00
1tscdt3f9d2x7g,Mar 17 00:26:00 gradeview-vm docker[1678807]: gradeview-api            |     at async getEmailFromAuth (file:///api/lib/googleAuthHelper.mjs:14:24),gradeview-vm,projects/eecs-gradeview/logs/syslog,,,3897469703641304337,eecs-gradeview,us-west1-a,gce_instance,2025-03-17 00:26:01.166601+00:00
1tscdt3f9d2x75,Mar 17 00:26:00 gradeview-vm docker[1678807]: gradeview-api            |     at getEmailFromAuth (file:///api/lib/googleAuthHelper.mjs:25:15),gradeview-vm,projects/eecs-gradeview/logs/syslog,,,3897469703641304337,eecs-gradeview,us-west1-a,gce_instance,2025-03-17 00:26:00.814157+00:00
1tscdt3f9d2x72,Mar 17 00:26:00 gradeview-vm docker[1678807]: gradeview-api            |     at async getEmailFromAuth (file:///api/lib/googleAuthHelper.mjs:14:24),gradeview-vm,projects/eecs-gradeview/logs/syslog,,,3897469703641304337,eecs-gradeview,us-west1-a,gce_instance,2025-03-17 00:26:00.812375+00:00
pu1qzjf8ao686,Mar 15 22:43:17 gradeview-vm docker[1678807]: gradeview-api            |     at async getEmailFromAuth (file:///api/lib/googleAuthHelper.mjs:14:24),gradeview-vm,projects/eecs-gradeview/logs/syslog,,,3897469703641304337,eecs-gradeview,us-west1-a,gce_instance,2025-03-15 22:43:17.845670+00:00
pu1qzjf8ao67v,Mar 15 22:43:17 gradeview-vm docker[1678807]: gradeview-api            |     at getEmailFromAuth (file:///api/lib/googleAuthHelper.mjs:25:15),gradeview-vm,projects/eecs-gradeview/logs/syslog,,,3897469703641304337,eecs-gradeview,us-west1-a,gce_instance,2025-03-15 22:43:17.837604+00:00
pu1qzjf8ao67s,Mar 15 22:43:17 gradeview-vm docker[1678807]: gradeview-api            |     at async getEmailFromAuth (file:///api/lib/googleAuthHelper.mjs:14:24),gradeview-vm,projects/eecs-gradeview/logs/syslog,,,3897469703641304337,eecs-gradeview,us-west1-a,gce_instance,2025-03-15 22:43:17.834841+00:00
1r07y1nf5tf4ok,Mar 14 23:12:14 gradeview-vm docker[1676382]: gradeview-api            |     at async getEmailFromAuth (file:///api/lib/googleAuthHelper.mjs:14:24),gradeview-vm,projects/eecs-gradeview/logs/syslog,,,3897469703641304337,eecs-gradeview,us-west1-a,gce_instance,2025-03-14 23:12:15.251990+00:00
1r07y1nf5tf4o6,Mar 14 23:12:14 gradeview-vm docker[1676382]: gradeview-api            |     at getEmailFromAuth (file:///api/lib/googleAuthHelper.mjs:25:15),gradeview-vm,projects/eecs-gradeview/logs/syslog,,,3897469703641304337,eecs-gradeview,us-west1-a,gce_instance,2025-03-14 23:12:14.916086+00:00
1r07y1nf5tf4o2,Mar 14 23:12:14 gradeview-vm docker[1676382]: gradeview-api            |     at async getEmailFromAuth (file:///api/lib/googleAuthHelper.mjs:14:24),gradeview-vm,projects/eecs-gradeview/logs/syslog,,,3897469703641304337,eecs-gradeview,us-west1-a,gce_instance,2025-03-14 23:12:14.577837+00:00
1r07y1nf5tf4nq,Mar 14 23:12:14 gradeview-vm docker[1676382]: gradeview-api            |     at async getEmailFromAuth (file:///api/lib/googleAuthHelper.mjs:14:24),gradeview-vm,projects/eecs-gradeview/logs/syslog,,,3897469703641304337,eecs-gradeview,us-west1-a,gce_instance,2025-03-14 23:12:14.564012+00:00
2ta9xef4z8qu0,Mar 14 20:12:47 gradeview-vm docker[344293]: gradeview-api            |     at async getEmailFromAuth (file:///api/lib/googleAuthHelper.mjs:14:24),gradeview-vm,projects/eecs-gradeview/logs/syslog,,,3897469703641304337,eecs-gradeview,us-west1-a,gce_instance,2025-03-14 20:12:48.197682+00:00
2ta9xef4z8qtp,Mar 14 20:12:47 gradeview-vm docker[344293]: gradeview-api            |     at getEmailFromAuth (file:///api/lib/googleAuthHelper.mjs:25:15),gradeview-vm,projects/eecs-gradeview/logs/syslog,,,3897469703641304337,eecs-gradeview,us-west1-a,gce_instance,2025-03-14 20:12:47.839792+00:00
2ta9xef4z8qtm,Mar 14 20:12:47 gradeview-vm docker[344293]: gradeview-api            |     at async getEmailFromAuth (file:///api/lib/googleAuthHelper.mjs:14:24),gradeview-vm,projects/eecs-gradeview/logs/syslog,,,3897469703641304337,eecs-gradeview,us-west1-a,gce_instance,2025-03-14 20:12:47.838020+00:00
xmfi5hf5tbarl,Mar 14 16:48:52 gradeview-vm docker[344293]: gradeview-api            |     at getEmailFromAuth (file:///api/lib/googleAuthHelper.mjs:25:15),gradeview-vm,projects/eecs-gradeview/logs/syslog,,,3897469703641304337,eecs-gradeview,us-west1-a,gce_instance,2025-03-14 16:48:52.713379+00:00
xmfi5hf5tbarf,Mar 14 16:48:52 gradeview-vm docker[344293]: gradeview-api            |     at async getEmailFromAuth (file:///api/lib/googleAuthHelper.mjs:14:24),gradeview-vm,projects/eecs-gradeview/logs/syslog,,,3897469703641304337,eecs-gradeview,us-west1-a,gce_instance,2025-03-14 16:48:52.707069+00:00
wry805f4awtyk,Mar 13 00:32:29 gradeview-vm docker[344293]: gradeview-api            |     at async getEmailFromAuth (file:///api/lib/googleAuthHelper.mjs:14:24),gradeview-vm,projects/eecs-gradeview/logs/syslog,,,3897469703641304337,eecs-gradeview,us-west1-a,gce_instance,2025-03-13 00:32:30.207174+00:00
wry805f4awty6,Mar 13 00:32:29 gradeview-vm docker[344293]: gradeview-api            |     at getEmailFromAuth (file:///api/lib/googleAuthHelper.mjs:25:15),gradeview-vm,projects/eecs-gradeview/logs/syslog,,,3897469703641304337,eecs-gradeview,us-west1-a,gce_instance,2025-03-13 00:32:29.869623+00:00
wry805f4awty3,Mar 13 00:32:29 gradeview-vm docker[344293]: gradeview-api            |     at async getEmailFromAuth (file:///api/lib/googleAuthHelper.mjs:14:24),gradeview-vm,projects/eecs-gradeview/logs/syslog,,,3897469703641304337,eecs-gradeview,us-west1-a,gce_instance,2025-03-13 00:32:29.531895+00:00
wry805f4awtxu,Mar 13 00:32:29 gradeview-vm docker[344293]: gradeview-api            |     at async getEmailFromAuth (file:///api/lib/googleAuthHelper.mjs:14:24),gradeview-vm,projects/eecs-gradeview/logs/syslog,,,3897469703641304337,eecs-gradeview,us-west1-a,gce_instance,2025-03-13 00:32:29.524659+00:00
9g3nstf43vn6n,Mar 12 23:46:03 gradeview-vm docker[344293]: gradeview-api            |     at async getEmailFromAuth (file:///api/lib/googleAuthHelper.mjs:14:24),gradeview-vm,projects/eecs-gradeview/logs/syslog,,,3897469703641304337,eecs-gradeview,us-west1-a,gce_instance,2025-03-12 23:46:04.222798+00:00
9g3nstf43vn6a,Mar 12 23:46:03 gradeview-vm docker[344293]: gradeview-api            |     at getEmailFromAuth (file:///api/lib/googleAuthHelper.mjs:25:15),gradeview-vm,projects/eecs-gradeview/logs/syslog,,,3897469703641304337,eecs-gradeview,us-west1-a,gce_instance,2025-03-12 23:46:03.819145+00:00
9g3nstf43vn67,Mar 12 23:46:03 gradeview-vm docker[344293]: gradeview-api            |     at async getEmailFromAuth (file:///api/lib/googleAuthHelper.mjs:14:24),gradeview-vm,projects/eecs-gradeview/logs/syslog,,,3897469703641304337,eecs-gradeview,us-west1-a,gce_instance,2025-03-12 23:46:03.817245+00:00
1ipv65qf4cgjdz,Mar 12 22:53:48 gradeview-vm docker[344293]: gradeview-api            |     at async getEmailFromAuth (file:///api/lib/googleAuthHelper.mjs:14:24),gradeview-vm,projects/eecs-gradeview/logs/syslog,,,3897469703641304337,eecs-gradeview,us-west1-a,gce_instance,2025-03-12 22:53:48.669918+00:00
206a82f43c7jm,Mar 12 22:53:48 gradeview-vm docker[344293]: gradeview-api            |     at getEmailFromAuth (file:///api/lib/googleAuthHelper.mjs:25:15),gradeview-vm,projects/eecs-gradeview/logs/syslog,,,3897469703641304337,eecs-gradeview,us-west1-a,gce_instance,2025-03-12 22:53:48.323122+00:00
206a82f43c7jj,Mar 12 22:53:48 gradeview-vm docker[344293]: gradeview-api            |     at async getEmailFromAuth (file:///api/lib/googleAuthHelper.mjs:14:24),gradeview-vm,projects/eecs-gradeview/logs/syslog,,,3897469703641304337,eecs-gradeview,us-west1-a,gce_instance,2025-03-12 22:53:48.321149+00:00
2k677uf2za18d,Mar 12 14:29:35 gradeview-vm docker[344293]: gradeview-api            |     at getEmailFromAuth (file:///api/lib/googleAuthHelper.mjs:25:15),gradeview-vm,projects/eecs-gradeview/logs/syslog,,,3897469703641304337,eecs-gradeview,us-west1-a,gce_instance,2025-03-12 14:29:36.078221+00:00
2k677uf2za189,Mar 12 14:29:35 gradeview-vm docker[344293]: gradeview-api            |     at getEmailFromAuth (file:///api/lib/googleAuthHelper.mjs:25:15),gradeview-vm,projects/eecs-gradeview/logs/syslog,,,3897469703641304337,eecs-gradeview,us-west1-a,gce_instance,2025-03-12 14:29:36.078218+00:00
crvo1cf2x10ru,Mar 12 14:29:35 gradeview-vm docker[344293]: gradeview-api            |     at async getEmailFromAuth (file:///api/lib/googleAuthHelper.mjs:14:24),gradeview-vm,projects/eecs-gradeview/logs/syslog,,,3897469703641304337,eecs-gradeview,us-west1-a,gce_instance,2025-03-12 14:29:35.387775+00:00
crvo1cf2x10ro,Mar 12 14:29:35 gradeview-vm docker[344293]: gradeview-api            |     at async getEmailFromAuth (file:///api/lib/googleAuthHelper.mjs:14:24),gradeview-vm,projects/eecs-gradeview/logs/syslog,,,3897469703641304337,eecs-gradeview,us-west1-a,gce_instance,2025-03-12 14:29:35.381590+00:00
1qr3xh8eb90ld,Mar 11 22:30:47 gradeview-vm docker[344293]: gradeview-api            |     at async getEmailFromAuth (file:///api/lib/googleAuthHelper.mjs:14:24),gradeview-vm,projects/eecs-gradeview/logs/syslog,,,3897469703641304337,eecs-gradeview,us-west1-a,gce_instance,2025-03-11 22:30:47.704667+00:00
v3q2doecylam,Mar 11 22:30:47 gradeview-vm docker[344293]: gradeview-api            |     at getEmailFromAuth (file:///api/lib/googleAuthHelper.mjs:25:15),gradeview-vm,projects/eecs-gradeview/logs/syslog,,,3897469703641304337,eecs-gradeview,us-west1-a,gce_instance,2025-03-11 22:30:47.355540+00:00
v3q2doecylaj,Mar 11 22:30:47 gradeview-vm docker[344293]: gradeview-api            |     at async getEmailFromAuth (file:///api/lib/googleAuthHelper.mjs:14:24),gradeview-vm,projects/eecs-gradeview/logs/syslog,,,3897469703641304337,eecs-gradeview,us-west1-a,gce_instance,2025-03-11 22:30:47.353878+00:00
1f2289me6gxs8,Mar 11 21:07:35 gradeview-vm docker[344293]: gradeview-api            |     at async getEmailFromAuth (file:///api/lib/googleAuthHelper.mjs:14:24),gradeview-vm,projects/eecs-gradeview/logs/syslog,,,3897469703641304337,eecs-gradeview,us-west1-a,gce_instance,2025-03-11 21:07:36.009004+00:00
1f2289me6gxrx,Mar 11 21:07:35 gradeview-vm docker[344293]: gradeview-api            |     at getEmailFromAuth (file:///api/lib/googleAuthHelper.mjs:25:15),gradeview-vm,projects/eecs-gradeview/logs/syslog,,,3897469703641304337,eecs-gradeview,us-west1-a,gce_instance,2025-03-11 21:07:35.662215+00:00
1f2289me6gxru,Mar 11 21:07:35 gradeview-vm docker[344293]: gradeview-api            |     at async getEmailFromAuth (file:///api/lib/googleAuthHelper.mjs:14:24),gradeview-vm,projects/eecs-gradeview/logs/syslog,,,3897469703641304337,eecs-gradeview,us-west1-a,gce_instance,2025-03-11 21:07:35.660268+00:00
8xb6byebafuv,Mar 11 18:27:16 gradeview-vm docker[344293]: gradeview-api            |     at async getEmailFromAuth (file:///api/lib/googleAuthHelper.mjs:14:24),gradeview-vm,projects/eecs-gradeview/logs/syslog,,,3897469703641304337,eecs-gradeview,us-west1-a,gce_instance,2025-03-11 18:27:17.335892+00:00
8xb6byebafuh,Mar 11 18:27:16 gradeview-vm docker[344293]: gradeview-api            |     at getEmailFromAuth (file:///api/lib/googleAuthHelper.mjs:25:15),gradeview-vm,projects/eecs-gradeview/logs/syslog,,,3897469703641304337,eecs-gradeview,us-west1-a,gce_instance,2025-03-11 18:27:16.993190+00:00
8xb6byebafue,Mar 11 18:27:16 gradeview-vm docker[344293]: gradeview-api            |     at async getEmailFromAuth (file:///api/lib/googleAuthHelper.mjs:14:24),gradeview-vm,projects/eecs-gradeview/logs/syslog,,,3897469703641304337,eecs-gradeview,us-west1-a,gce_instance,2025-03-11 18:27:16.654365+00:00
8xb6byebafu5,Mar 11 18:27:16 gradeview-vm docker[344293]: gradeview-api            |     at async getEmailFromAuth (file:///api/lib/googleAuthHelper.mjs:14:24),gradeview-vm,projects/eecs-gradeview/logs/syslog,,,3897469703641304337,eecs-gradeview,us-west1-a,gce_instance,2025-03-11 18:27:16.643013+00:00
fav6duf4yef45,Mar 11 17:54:32 gradeview-vm docker[344293]: gradeview-api            |     at getEmailFromAuth (file:///api/lib/googleAuthHelper.mjs:25:15),gradeview-vm,projects/eecs-gradeview/logs/syslog,,,3897469703641304337,eecs-gradeview,us-west1-a,gce_instance,2025-03-11 17:54:32.907374+00:00
fav6duf4yef3x,Mar 11 17:54:32 gradeview-vm docker[344293]: gradeview-api            |     at getEmailFromAuth (file:///api/lib/googleAuthHelper.mjs:25:15),gradeview-vm,projects/eecs-gradeview/logs/syslog,,,3897469703641304337,eecs-gradeview,us-west1-a,gce_instance,2025-03-11 17:54:32.565990+00:00
fav6duf4yef3u,Mar 11 17:54:32 gradeview-vm docker[344293]: gradeview-api            |     at async getEmailFromAuth (file:///api/lib/googleAuthHelper.mjs:14:24),gradeview-vm,projects/eecs-gradeview/logs/syslog,,,3897469703641304337,eecs-gradeview,us-west1-a,gce_instance,2025-03-11 17:54:32.564346+00:00
fav6duf4yef3l,Mar 11 17:54:32 gradeview-vm docker[344293]: gradeview-api            |     at async getEmailFromAuth (file:///api/lib/googleAuthHelper.mjs:14:24),gradeview-vm,projects/eecs-gradeview/logs/syslog,,,3897469703641304337,eecs-gradeview,us-west1-a,gce_instance,2025-03-11 17:54:32.557090+00:00
1i4z5opf29c5r4,Mar 10 23:12:18 gradeview-vm docker[344293]: gradeview-api            |     at async getEmailFromAuth (file:///api/lib/googleAuthHelper.mjs:14:24),gradeview-vm,projects/eecs-gradeview/logs/syslog,,,3897469703641304337,eecs-gradeview,us-west1-a,gce_instance,2025-03-10 23:12:18.711169+00:00
1ayhryrfeb49z3,Mar 10 23:12:18 gradeview-vm docker[344293]: gradeview-api            |     at getEmailFromAuth (file:///api/lib/googleAuthHelper.mjs:25:15),gradeview-vm,projects/eecs-gradeview/logs/syslog,,,3897469703641304337,eecs-gradeview,us-west1-a,gce_instance,2025-03-10 23:12:18.358333+00:00
1ayhryrfeb49z0,Mar 10 23:12:18 gradeview-vm docker[344293]: gradeview-api            |     at async getEmailFromAuth (file:///api/lib/googleAuthHelper.mjs:14:24),gradeview-vm,projects/eecs-gradeview/logs/syslog,,,3897469703641304337,eecs-gradeview,us-west1-a,gce_instance,2025-03-10 23:12:18.354858+00:00
eptvmofeb5w9f,Mar 10 21:42:17 gradeview-vm docker[344293]: gradeview-api            |     at async getEmailFromAuth (file:///api/lib/googleAuthHelper.mjs:14:24),gradeview-vm,projects/eecs-gradeview/logs/syslog,,,3897469703641304337,eecs-gradeview,us-west1-a,gce_instance,2025-03-10 21:42:17.836647+00:00
eptvmofeb5w94,Mar 10 21:42:17 gradeview-vm docker[344293]: gradeview-api            |     at getEmailFromAuth (file:///api/lib/googleAuthHelper.mjs:25:15),gradeview-vm,projects/eecs-gradeview/logs/syslog,,,3897469703641304337,eecs-gradeview,us-west1-a,gce_instance,2025-03-10 21:42:17.702638+00:00
eptvmofeb5w91,Mar 10 21:42:17 gradeview-vm docker[344293]: gradeview-api            |     at async getEmailFromAuth (file:///api/lib/googleAuthHelper.mjs:14:24),gradeview-vm,projects/eecs-gradeview/logs/syslog,,,3897469703641304337,eecs-gradeview,us-west1-a,gce_instance,2025-03-10 21:42:17.700324+00:00
ka55lnfeeuxkl,Mar 10 21:42:17 gradeview-vm docker[344293]: gradeview-api            |     at async getEmailFromAuth (file:///api/lib/googleAuthHelper.mjs:14:24),gradeview-vm,projects/eecs-gradeview/logs/syslog,,,3897469703641304337,eecs-gradeview,us-west1-a,gce_instance,2025-03-10 21:42:17.100391+00:00
1kc8fj2f9k0s02,Mar 10 20:08:24 gradeview-vm docker[344293]: gradeview-api            |     at async getEmailFromAuth (file:///api/lib/googleAuthHelper.mjs:14:24),gradeview-vm,projects/eecs-gradeview/logs/syslog,,,3897469703641304337,eecs-gradeview,us-west1-a,gce_instance,2025-03-10 20:08:25.220637+00:00
1kc8fj2f9k0rzr,Mar 10 20:08:24 gradeview-vm docker[344293]: gradeview-api            |     at getEmailFromAuth (file:///api/lib/googleAuthHelper.mjs:25:15),gradeview-vm,projects/eecs-gradeview/logs/syslog,,,3897469703641304337,eecs-gradeview,us-west1-a,gce_instance,2025-03-10 20:08:24.870472+00:00
1kc8fj2f9k0rzo,Mar 10 20:08:24 gradeview-vm docker[344293]: gradeview-api            |     at async getEmailFromAuth (file:///api/lib/googleAuthHelper.mjs:14:24),gradeview-vm,projects/eecs-gradeview/logs/syslog,,,3897469703641304337,eecs-gradeview,us-west1-a,gce_instance,2025-03-10 20:08:24.868518+00:00
8mqi8hf77n0sf,Mar  8 15:28:34 gradeview-vm docker[344293]: gradeview-api            |     at getEmailFromAuth (file:///api/lib/googleAuthHelper.mjs:25:15),gradeview-vm,projects/eecs-gradeview/logs/syslog,,,3897469703641304337,eecs-gradeview,us-west1-a,gce_instance,2025-03-08 15:28:34.753182+00:00
8mqi8hf77n0sc,Mar  8 15:28:34 gradeview-vm docker[344293]: gradeview-api            |     at async getEmailFromAuth (file:///api/lib/googleAuthHelper.mjs:14:24),gradeview-vm,projects/eecs-gradeview/logs/syslog,,,3897469703641304337,eecs-gradeview,us-west1-a,gce_instance,2025-03-08 15:28:34.753180+00:00
1n3utj6e7pb0n,Mar  8 06:53:10 gradeview-vm docker[344293]: gradeview-api            |     at getEmailFromAuth (file:///api/lib/googleAuthHelper.mjs:25:15),gradeview-vm,projects/eecs-gradeview/logs/syslog,,,3897469703641304337,eecs-gradeview,us-west1-a,gce_instance,2025-03-08 06:53:10.091751+00:00
1n3utj6e7pb0k,Mar  8 06:53:10 gradeview-vm docker[344293]: gradeview-api            |     at async getEmailFromAuth (file:///api/lib/googleAuthHelper.mjs:14:24),gradeview-vm,projects/eecs-gradeview/logs/syslog,,,3897469703641304337,eecs-gradeview,us-west1-a,gce_instance,2025-03-08 06:53:10.089569+00:00
nbwjfpf2rm865,Mar  7 01:46:31 gradeview-vm docker[344293]: gradeview-api            |     at getEmailFromAuth (file:///api/lib/googleAuthHelper.mjs:25:15),gradeview-vm,projects/eecs-gradeview/logs/syslog,,,3897469703641304337,eecs-gradeview,us-west1-a,gce_instance,2025-03-07 01:46:31.856143+00:00
nbwjfpf2rm862,Mar  7 01:46:31 gradeview-vm docker[344293]: gradeview-api            |     at async getEmailFromAuth (file:///api/lib/googleAuthHelper.mjs:14:24),gradeview-vm,projects/eecs-gradeview/logs/syslog,,,3897469703641304337,eecs-gradeview,us-west1-a,gce_instance,2025-03-07 01:46:31.516499+00:00
wrs7b0f2mh80n,Mar  7 01:46:31 gradeview-vm docker[344293]: gradeview-api            |     at async getEmailFromAuth (file:///api/lib/googleAuthHelper.mjs:14:24),gradeview-vm,projects/eecs-gradeview/logs/syslog,,,3897469703641304337,eecs-gradeview,us-west1-a,gce_instance,2025-03-07 01:46:31.512315+00:00
1map67cf1qhpmi,Mar  6 19:40:10 gradeview-vm docker[344293]: gradeview-api            |     at getEmailFromAuth (file:///api/lib/googleAuthHelper.mjs:25:15),gradeview-vm,projects/eecs-gradeview/logs/syslog,,,3897469703641304337,eecs-gradeview,us-west1-a,gce_instance,2025-03-06 19:40:10.392173+00:00
1map67cf1qhpmc,Mar  6 19:40:10 gradeview-vm docker[344293]: gradeview-api            |     at async getEmailFromAuth (file:///api/lib/googleAuthHelper.mjs:14:24),gradeview-vm,projects/eecs-gradeview/logs/syslog,,,3897469703641304337,eecs-gradeview,us-west1-a,gce_instance,2025-03-06 19:40:10.383203+00:00
gomo55f2c973j,Mar  5 23:51:47 gradeview-vm docker[344293]: gradeview-api            |     at async getEmailFromAuth (file:///api/lib/googleAuthHelper.mjs:14:24),gradeview-vm,projects/eecs-gradeview/logs/syslog,,,3897469703641304337,eecs-gradeview,us-west1-a,gce_instance,2025-03-05 23:51:48.027506+00:00
gomo55f2c9735,Mar  5 23:51:47 gradeview-vm docker[344293]: gradeview-api            |     at getEmailFromAuth (file:///api/lib/googleAuthHelper.mjs:25:15),gradeview-vm,projects/eecs-gradeview/logs/syslog,,,3897469703641304337,eecs-gradeview,us-west1-a,gce_instance,2025-03-05 23:51:47.689575+00:00
qyaw1zf2dozdu,Mar  5 23:51:47 gradeview-vm docker[344293]: gradeview-api            |     at async getEmailFromAuth (file:///api/lib/googleAuthHelper.mjs:14:24),gradeview-vm,projects/eecs-gradeview/logs/syslog,,,3897469703641304337,eecs-gradeview,us-west1-a,gce_instance,2025-03-05 23:51:47.350698+00:00
qyaw1zf2dozdl,Mar  5 23:51:47 gradeview-vm docker[344293]: gradeview-api            |     at async getEmailFromAuth (file:///api/lib/googleAuthHelper.mjs:14:24),gradeview-vm,projects/eecs-gradeview/logs/syslog,,,3897469703641304337,eecs-gradeview,us-west1-a,gce_instance,2025-03-05 23:51:47.341762+00:00
15x1thvf1wvlx1,Mar  5 20:37:05 gradeview-vm docker[344293]: gradeview-api            |     at async getEmailFromAuth (file:///api/lib/googleAuthHelper.mjs:14:24),gradeview-vm,projects/eecs-gradeview/logs/syslog,,,3897469703641304337,eecs-gradeview,us-west1-a,gce_instance,2025-03-05 20:37:05.695903+00:00
15x1thvf1wvlwq,Mar  5 20:37:05 gradeview-vm docker[344293]: gradeview-api            |     at getEmailFromAuth (file:///api/lib/googleAuthHelper.mjs:25:15),gradeview-vm,projects/eecs-gradeview/logs/syslog,,,3897469703641304337,eecs-gradeview,us-west1-a,gce_instance,2025-03-05 20:37:05.687013+00:00
15x1thvf1wvlwn,Mar  5 20:37:05 gradeview-vm docker[344293]: gradeview-api            |     at async getEmailFromAuth (file:///api/lib/googleAuthHelper.mjs:14:24),gradeview-vm,projects/eecs-gradeview/logs/syslog,,,3897469703641304337,eecs-gradeview,us-west1-a,gce_instance,2025-03-05 20:37:05.684645+00:00
4hmixhf1eh5c6,Mar  5 16:15:25 gradeview-vm docker[344293]: gradeview-api            |     at async getEmailFromAuth (file:///api/lib/googleAuthHelper.mjs:14:24),gradeview-vm,projects/eecs-gradeview/logs/syslog,,,3897469703641304337,eecs-gradeview,us-west1-a,gce_instance,2025-03-05 16:15:25.855106+00:00
1etpzx7f1b2cdy,Mar  5 16:15:25 gradeview-vm docker[344293]: gradeview-api            |     at getEmailFromAuth (file:///api/lib/googleAuthHelper.mjs:25:15),gradeview-vm,projects/eecs-gradeview/logs/syslog,,,3897469703641304337,eecs-gradeview,us-west1-a,gce_instance,2025-03-05 16:15:25.504403+00:00
1etpzx7f1b2cdv,Mar  5 16:15:25 gradeview-vm docker[344293]: gradeview-api            |     at async getEmailFromAuth (file:///api/lib/googleAuthHelper.mjs:14:24),gradeview-vm,projects/eecs-gradeview/logs/syslog,,,3897469703641304337,eecs-gradeview,us-west1-a,gce_instance,2025-03-05 16:15:25.501938+00:00
3cb0vdfi8izif,Mar  5 02:48:22 gradeview-vm docker[344293]: gradeview-api            |     at async getEmailFromAuth (file:///api/lib/googleAuthHelper.mjs:14:24),gradeview-vm,projects/eecs-gradeview/logs/syslog,,,3897469703641304337,eecs-gradeview,us-west1-a,gce_instance,2025-03-05 02:48:23.251559+00:00
3cb0vdfi8izi4,Mar  5 02:48:22 gradeview-vm docker[344293]: gradeview-api            |     at getEmailFromAuth (file:///api/lib/googleAuthHelper.mjs:25:15),gradeview-vm,projects/eecs-gradeview/logs/syslog,,,3897469703641304337,eecs-gradeview,us-west1-a,gce_instance,2025-03-05 02:48:22.904645+00:00
3cb0vdfi8izi1,Mar  5 02:48:22 gradeview-vm docker[344293]: gradeview-api            |     at async getEmailFromAuth (file:///api/lib/googleAuthHelper.mjs:14:24),gradeview-vm,projects/eecs-gradeview/logs/syslog,,,3897469703641304337,eecs-gradeview,us-west1-a,gce_instance,2025-03-05 02:48:22.902595+00:00
13go6j0fesygxi,Mar  4 05:46:47 gradeview-vm docker[339833]: gradeview-api            |     at async getEmailFromAuth (file:///api/lib/googleAuthHelper.mjs:14:24),gradeview-vm,projects/eecs-gradeview/logs/syslog,,,3897469703641304337,eecs-gradeview,us-west1-a,gce_instance,2025-03-04 05:46:48.395787+00:00
13go6j0fesygx6,Mar  4 05:46:47 gradeview-vm docker[339833]: gradeview-api            |     at getEmailFromAuth (file:///api/lib/googleAuthHelper.mjs:25:15),gradeview-vm,projects/eecs-gradeview/logs/syslog,,,3897469703641304337,eecs-gradeview,us-west1-a,gce_instance,2025-03-04 05:46:48.057841+00:00
13go6j0fesygx3,Mar  4 05:46:47 gradeview-vm docker[339833]: gradeview-api            |     at async getEmailFromAuth (file:///api/lib/googleAuthHelper.mjs:14:24),gradeview-vm,projects/eecs-gradeview/logs/syslog,,,3897469703641304337,eecs-gradeview,us-west1-a,gce_instance,2025-03-04 05:46:47.719710+00:00
13go6j0fesygwu,Mar  4 05:46:47 gradeview-vm docker[339833]: gradeview-api            |     at async getEmailFromAuth (file:///api/lib/googleAuthHelper.mjs:14:24),gradeview-vm,projects/eecs-gradeview/logs/syslog,,,3897469703641304337,eecs-gradeview,us-west1-a,gce_instance,2025-03-04 05:46:47.701532+00:00
9qchqvfccpi2e,Mar  3 21:48:26 gradeview-vm docker[296770]: gradeview-api            |     at async getEmailFromAuth (file:///api/lib/googleAuthHelper.mjs:14:24),gradeview-vm,projects/eecs-gradeview/logs/syslog,,,3897469703641304337,eecs-gradeview,us-west1-a,gce_instance,2025-03-03 21:48:27.135240+00:00
9qchqvfccpi21,Mar  3 21:48:26 gradeview-vm docker[296770]: gradeview-api            |     at getEmailFromAuth (file:///api/lib/googleAuthHelper.mjs:25:15),gradeview-vm,projects/eecs-gradeview/logs/syslog,,,3897469703641304337,eecs-gradeview,us-west1-a,gce_instance,2025-03-03 21:48:26.798351+00:00
xupni0fd01f36,Mar  3 21:48:26 gradeview-vm docker[296770]: gradeview-api            |     at async getEmailFromAuth (file:///api/lib/googleAuthHelper.mjs:14:24),gradeview-vm,projects/eecs-gradeview/logs/syslog,,,3897469703641304337,eecs-gradeview,us-west1-a,gce_instance,2025-03-03 21:48:26.455887+00:00
xupni0fd01f2x,Mar  3 21:48:26 gradeview-vm docker[296770]: gradeview-api            |     at async getEmailFromAuth (file:///api/lib/googleAuthHelper.mjs:14:24),gradeview-vm,projects/eecs-gradeview/logs/syslog,,,3897469703641304337,eecs-gradeview,us-west1-a,gce_instance,2025-03-03 21:48:26.435421+00:00
